-- ============================================================
-- DATOS DE PRUEBA — TiendaQ
-- Las contrasenas son texto plano intencionalmente.
-- En produccion se debe usar bcrypt o similar.
-- ============================================================

--Datos de prueba … Revisa el orden de los inserts para no tener fallas al ingresar los datos
-- 1.USUARIO:

INSERT INTO Usuario (nombre, apellido, tipoDocumento, documento, telefono, correo, direccion, contrasena, tipoUsuario)
VALUES 
('Juan', 'Pérez', 'CC', 123456781, '3001234567', 'juanperez@email.com', 'Calle Falsa 123', 'password123', 'REGISTRADO'),
('Maria', 'Ruiz', 'TI', 123456782, '3012345678', 'mariaruiz@email.com', 'Calle Falsa 234', 'password234', 'SIN_REGISTRAR'),
('Alejandra', 'Rojas', 'CE', 123456783, '3123456789', 'alejandrarojas@email.com', 'Calle Falsa 345', 'password345', 'REGISTRADO'),
('Diego', 'Duran', 'PASAPORTE', 123456784, '3223456789', 'diegoduran@email.com', 'Calle Falsa 456', 'password456', 'REGISTRADO'),
('Carlos', 'Gomez', 'CC', 123456785, '3109876543', 'carlosgomez@email.com', 'Calle Falsa 567', 'password567', 'SIN_REGISTRAR'),
('Laura', 'Martínez', 'TI', 123456786, '3118765432', 'lauramartinez@email.com', 'Calle Falsa 678', 'password678', 'REGISTRADO'),
('Pedro', 'Hernández', 'CE', 123456787, '3127654321', 'pedrohernandez@email.com', 'Calle Falsa 789', 'password789', 'SIN_REGISTRAR'),
('Sofia', 'López', 'PASAPORTE', 123456788, '3136543210', 'sofialopez@email.com', 'Calle Falsa 890', 'password890', 'REGISTRADO'),
('Antonio', 'Fernández', 'CC', 123456789, '3145432109', 'antoniofernandez@email.com', 'Calle Falsa 901', 'password901', 'SIN_REGISTRAR'),
('Carla', 'González', 'TI', 123456790, '3154321098', 'carlagonzalez@email.com', 'Calle Falsa 1234', 'password1234', 'REGISTRADO'),
('Luis', 'Pérez', 'CE', 123456791, '3163210987', 'luisperez@email.com', 'Calle Falsa 2345', 'password2345', 'SIN_REGISTRAR'),
('Isabel', 'Rodríguez', 'PASAPORTE', 123456792, '3172109876', 'isabelrodriguez@email.com', 'Calle Falsa 3456', 'password3456', 'REGISTRADO'),
('Javier', 'Sánchez', 'CC', 123456793, '3181098765', 'javiersanchez@email.com', 'Calle Falsa 4567', 'password4567', 'SIN_REGISTRAR'),
('Esteban', 'Vázquez', 'TI', 123456794, '3190987654', 'estebanvasquez@email.com', 'Calle Falsa 5678', 'password5678', 'REGISTRADO'),
('Ana', 'Jiménez', 'CE', 123456795, '3209876543', 'anajimenez@email.com', 'Calle Falsa 6789', 'password6789', 'SIN_REGISTRAR'),
('Raúl', 'Martín', 'PASAPORTE', 123456796, '3218765432', 'raulmartin@email.com', 'Calle Falsa 7890', 'password7890', 'REGISTRADO'),
('Patricia', 'Molina', 'CC', 123456797, '3227654321', 'patriciamolina@email.com', 'Calle Falsa 8901', 'password8901', 'SIN_REGISTRAR'),
('Ricardo', 'Muñoz', 'TI', 123456798, '3236543210', 'ricardomunoz@email.com', 'Calle Falsa 9012', 'password9012', 'REGISTRADO'),
('Beatriz', 'Castro', 'CE', 123456799, '3245432109', 'beatrizcastro@email.com', 'Calle Falsa 12345', 'password12345', 'SIN_REGISTRAR'),
('Andrés', 'Díaz', 'PASAPORTE', 123456800, '3254321098', 'andresdiaz@email.com', 'Calle Falsa 23456', 'password23456', 'REGISTRADO'),
('Monica', 'Álvarez', 'CC', 123456801, '3263210987', 'monicaalvarez@email.com', 'Calle Falsa 34567', 'password34567', 'SIN_REGISTRAR'),
('David', 'Torres', 'TI', 123456802, '3272109876', 'davidtorres@email.com', 'Calle Falsa 45678', 'password45678', 'REGISTRADO'),
('Clara', 'Serrano', 'CE', 123456803, '3281098765', 'claraserrano@email.com', 'Calle Falsa 56789', 'password56789', 'SIN_REGISTRAR'),
('Víctor', 'Morales', 'PASAPORTE', 123456804, '3290987654', 'victormorales@email.com', 'Calle Falsa 67890', 'password67890', 'REGISTRADO'),
('Felipe', 'Herrera', 'CC', 123456805, '3309876543', 'felipeherrera@email.com', 'Calle Falsa 78901', 'password78901', 'SIN_REGISTRAR'),
('Eva', 'García', 'TI', 123456806, '3318765432', 'evagarcia@email.com', 'Calle Falsa 89012', 'password89012', 'REGISTRADO'),
('Oscar', 'Jiménez', 'CE', 123456807, '3327654321', 'oscarjimenez@email.com', 'Calle Falsa 90123', 'password90123', 'SIN_REGISTRAR'),
('Susana', 'Paredes', 'PASAPORTE', 123456808, '3336543210', 'susanaparedes@email.com', 'Calle Falsa 123456', 'password123456', 'REGISTRADO'),
('Raquel', 'Ramírez', 'CC', 123456809, '3345432109', 'raquelramirez@email.com', 'Calle Falsa 234567', 'password234567', 'SIN_REGISTRAR'),
('Mario', 'López', 'TI', 123456810, '3354321098', 'mariolopez@email.com', 'Calle Falsa 345678', 'password345678', 'REGISTRADO'),
('Julia', 'Vega', 'CE', 123456811, '3363210987', 'juliavega@email.com', 'Calle Falsa 456789', 'password456789', 'SIN_REGISTRAR'),
('Fernando', 'Gómez', 'PASAPORTE', 123456812, '3372109876', 'fernandogomez@email.com', 'Calle Falsa 567890', 'password567890', 'REGISTRADO'),
('Luz', 'Santos', 'CC', 123456813, '3381098765', 'luzsantos@email.com', 'Calle Falsa 678901', 'password678901', 'SIN_REGISTRAR'),
('Ángel', 'Luna', 'TI', 123456814, '3390987654', 'angelluna@email.com', 'Calle Falsa 789012', 'password789012', 'REGISTRADO'),
('Natalia', 'Moreno', 'CE', 123456815, '3409876543', 'nataliamoreno@email.com', 'Calle Falsa 890123', 'password890123', 'SIN_REGISTRAR'),
('Tomás', 'Díaz', 'PASAPORTE', 123456816, '3418765432', 'tomasdiaz@email.com', 'Calle Falsa 901234', 'password901234', 'REGISTRADO'),
('Paola', 'Benítez', 'CC', 123456817, '3427654321', 'paolabenitez@email.com', 'Calle Falsa 1234567', 'password1234567', 'SIN_REGISTRAR'),
('Manuel', 'Torres', 'TI', 123456818, '3436543210', 'manueltorres@email.com', 'Calle Falsa 2345678', 'password2345678', 'REGISTRADO'),
('Santiago', 'Castillo', 'CE', 123456819, '3445432109', 'santiagocastillo@email.com', 'Calle Falsa 3456789', 'password3456789', 'SIN_REGISTRAR'),
('Lucía', 'Romero', 'PASAPORTE', 123456820, '3454321098', 'luciaromero@email.com', 'Calle Falsa 4567890', 'password4567890', 'REGISTRADO'),
('José', 'González', 'CC', 123456821, '3463210987', 'josegonzalez@email.com', 'Calle Falsa 5678901', 'password5678901', 'SIN_REGISTRAR'),
('Marta', 'Ruiz', 'TI', 123456822, '3472109876', 'martaruiz@email.com', 'Calle Falsa 6789012', 'password6789012', 'REGISTRADO'),
('Gabriel', 'Serrano', 'CE', 123456823, '3481098765', 'gabrielserrano@email.com', 'Calle Falsa 7890123', 'password7890123', 'SIN_REGISTRAR'),
('Liliana', 'Vásquez', 'PASAPORTE', 123456824, '3490987654', 'lilianavasquez@email.com', 'Calle Falsa 8901234', 'password8901234', 'REGISTRADO'),
('Felisa', 'Álvarez', 'CC', 123456825, '3509876543', 'felisaalvarez@email.com', 'Calle Falsa 9012345', 'password9012345', 'SIN_REGISTRAR');


-- 2.EMPLEADO:

INSERT INTO Empleado (tipoEmpleado, idUsuario)
VALUES 
('ADMINISTRADOR', 1), 
('VENDEDOR', 2),
('VENDEDOR', 3),
('ADMINISTRADOR', 4),
('VENDEDOR', 5),
('VENDEDOR', 6),
('ADMINISTRADOR', 7),
('VENDEDOR', 8),
('VENDEDOR', 9),
('ADMINISTRADOR', 10),
('VENDEDOR', 11),
('VENDEDOR', 12),
('ADMINISTRADOR', 13),
('VENDEDOR', 14),
('VENDEDOR', 15),
('ADMINISTRADOR', 16),
('VENDEDOR', 17),
('VENDEDOR', 18),
('ADMINISTRADOR', 19),
('VENDEDOR', 20),
('VENDEDOR', 21),
('ADMINISTRADOR', 22),
('VENDEDOR', 23),
('VENDEDOR', 24),
('ADMINISTRADOR', 25),
('VENDEDOR', 26),
('VENDEDOR', 27),
('ADMINISTRADOR', 28),
('VENDEDOR', 29),
('VENDEDOR', 30),
('ADMINISTRADOR', 31),
('VENDEDOR', 32),
('VENDEDOR', 33),
('ADMINISTRADOR', 34),
('VENDEDOR', 35),
('VENDEDOR', 36),
('ADMINISTRADOR', 37),
('VENDEDOR', 38),
('VENDEDOR', 39),
('ADMINISTRADOR', 40),
('VENDEDOR', 41),
('VENDEDOR', 42),
('ADMINISTRADOR', 43),
('VENDEDOR', 44),
('VENDEDOR', 45);

-- 3.CLIENTE:

INSERT INTO Cliente (idUsuario)
VALUES 
(1), 
(2),
(3),
(4),
(5),
(6),
(7),
(8),
(9),
(10),
(11),
(12),
(13),
(14),
(15),
(16),
(17),
(18),
(19),
(20),
(21),
(22),
(23),
(24),
(25),
(26),
(27),
(28),
(29),
(30),
(31),
(32),
(33),
(34),
(35),
(36),
(37),
(38),
(39),
(40),
(41),
(42),
(43),
(44),
(45),
(46),
(47),
(48),
(49),
(50);

-- 4.PRODUCTO:

INSERT INTO Producto (categoria, nombreProducto, precioUnitario)
VALUES 
('ROPA', 'Camiseta de Algodón', 21.900), 
('ACCESORIOS', 'Pin', 13.900), 
('LIBRERIA', 'Libro Konrad', 10.900), 
('PAPELERIA', 'Bloc Hojas Cuadriculadas', 6.900),
('ROPA', 'Pantalón Vaquero', 39.900),
('ACCESORIOS', 'Sombrero de Paja', 15.500),
('LIBRERIA', 'Cuaderno A4', 5.200),
('PAPELERIA', 'Tijeras', 3.800),
('ROPA', 'Sudadera con Capucha', 29.900),
('ACCESORIOS', 'Cinturón de Cuero', 22.700),
('LIBRERIA', 'Libro de Ciencia Ficción', 18.400),
('PAPELERIA', 'Goma de Borrar', 1.500),
('ROPA', 'Chaqueta de Cuero', 89.900),
('ACCESORIOS', 'Gafas de Sol', 25.800),
('LIBRERIA', 'Papel para Impresora', 4.500),
('PAPELERIA', 'Lápices de Colores', 2.200),
('ROPA', 'Zapatos de Cuero', 49.900),
('ACCESORIOS', 'Reloj de Pulsera', 72.500),
('LIBRERIA', 'Agenda 2025', 12.000),
('PAPELERIA', 'Resaltadores', 3.100),
('ROPA', 'Bufanda de Lana', 16.500),
('ACCESORIOS', 'Pulsera de Plata', 34.600),
('LIBRERIA', 'Manual de Historia', 15.700),
('PAPELERIA', 'Cartulinas de Colores', 8.900),
('ROPA', 'Traje de Baño', 19.800),
('ACCESORIOS', 'Llaveros Personalizados', 6.300),
('LIBRERIA', 'Diccionario Inglés-Español', 25.000),
('PAPELERIA', 'Pegamento en Barra', 2.500),
('ROPA', 'Bota de Invierno', 59.900),
('ACCESORIOS', 'Bolso de Mano', 39.800),
('LIBRERIA', 'Cuaderno de Notas', 7.500),
('PAPELERIA', 'Regla de Plástico', 1.900),
('ROPA', 'Sombrero de Invierno', 24.000),
('ACCESORIOS', 'Cartera de Cuero', 45.500),
('LIBRERIA', 'Libro de Cocina', 13.200),
('PAPELERIA', 'Marcadores Permanentes', 4.800),
('ROPA', 'Camisa de Manga Larga', 27.400),
('ACCESORIOS', 'Mochila Escolar', 33.000),
('LIBRERIA', 'Atlas del Mundo', 32.500),
('PAPELERIA', 'Clip de Papel', 1.200),
('ROPA', 'Vestido de Noche', 69.900),
('ACCESORIOS', 'Sombrero de Semana Santa', 18.900),
('LIBRERIA', 'Revista de Moda', 7.800),
('PAPELERIA', 'Carpeta de Archivos', 5.500),
('ROPA', 'Pantalón de Tela', 22.300),
('ACCESORIOS', 'Bufanda de Seda', 28.000),
('LIBRERIA', 'Libro de Arte', 16.800),
('PAPELERIA', 'Cinta Adhesiva', 2.100),
('ROPA', 'Abrigo de Invierno', 120.000),
('ACCESORIOS', 'Gorra Deportiva', 19.400),
('LIBRERIA', 'Cuaderno de Dibujo', 3.300),
('PAPELERIA', 'Bloc de Notas', 4.100);


-- 5.STOCK:

INSERT INTO Stock (idProducto, fechaIngreso, stock)
VALUES 
(1, '2025-05-07', 100), 
(2, '2025-05-06', 90),
(3, '2025-05-05', 120),
(4, '2025-05-04', 80),
(5, '2025-05-03', 150),
(6, '2025-05-02', 110),
(7, '2025-05-01', 95),
(8, '2025-04-30', 200),
(9, '2025-04-29', 75),
(10, '2025-04-28', 85),
(11, '2025-04-27', 130),
(12, '2025-04-26', 100),
(13, '2025-04-25', 60),
(14, '2025-04-24', 140),
(15, '2025-04-23', 110),
(16, '2025-04-22', 50),
(17, '2025-04-21', 95),
(18, '2025-04-20', 105),
(19, '2025-04-19', 130),
(20, '2025-04-18', 160),
(21, '2025-04-17', 90),
(22, '2025-04-16', 120),
(23, '2025-04-15', 85),
(24, '2025-04-14', 75),
(25, '2025-04-13', 100),
(26, '2025-04-12', 95),
(27, '2025-04-11', 80),
(28, '2025-04-10', 150),
(29, '2025-04-09', 115),
(30, '2025-04-08', 140),
(31, '2025-04-07', 100),
(32, '2025-04-06', 130),
(33, '2025-04-05', 110),
(34, '2025-04-04', 90),
(35, '2025-04-03', 105),
(36, '2025-04-02', 150),
(37, '2025-04-01', 95),
(38, '2025-03-31', 120),
(39, '2025-03-30', 85),
(40, '2025-03-29', 130),
(41, '2025-03-28', 75),
(42, '2025-03-27', 100),
(43, '2025-03-26', 110),
(44, '2025-03-25', 160),
(45, '2025-03-24', 95),
(46, '2025-03-23', 120),
(47, '2025-03-22', 90),
(48, '2025-03-21', 140),
(49, '2025-03-20', 105),
(50, '2025-03-19', 115);


-- 6. CARRITO COMPRA:

INSERT INTO CarritoCompra (fechaCreacion, estado, idUsuario)
VALUES 
('2025-05-07', 'VACIO', 1), 
('2025-05-06', 'CON_PRODUCTOS', 2), 
('2025-05-05', 'EN_PROCESO_DE_PAGO', 3), 
('2025-05-04', 'PAGO_PENDIENTE', 4), 
('2025-05-03', 'PAGO_EXITOSO', 5),
('2025-05-02', 'VACIO', 6),
('2025-05-01', 'CON_PRODUCTOS', 7),
('2025-04-30', 'EN_PROCESO_DE_PAGO', 8),
('2025-04-29', 'PAGO_PENDIENTE', 9),
('2025-04-28', 'PAGO_EXITOSO', 10),
('2025-04-27', 'VACIO', 11),
('2025-04-26', 'CON_PRODUCTOS', 12),
('2025-04-25', 'EN_PROCESO_DE_PAGO', 13),
('2025-04-24', 'PAGO_PENDIENTE', 14),
('2025-04-23', 'PAGO_EXITOSO', 15),
('2025-04-22', 'VACIO', 16),
('2025-04-21', 'CON_PRODUCTOS', 17),
('2025-04-20', 'EN_PROCESO_DE_PAGO', 18),
('2025-04-19', 'PAGO_PENDIENTE', 19),
('2025-04-18', 'PAGO_EXITOSO', 20),
('2025-04-17', 'VACIO', 21),
('2025-04-16', 'CON_PRODUCTOS', 22),
('2025-04-15', 'EN_PROCESO_DE_PAGO', 23),
('2025-04-14', 'PAGO_PENDIENTE', 24),
('2025-04-13', 'PAGO_EXITOSO', 25),
('2025-04-12', 'VACIO', 26),
('2025-04-11', 'CON_PRODUCTOS', 27),
('2025-04-10', 'EN_PROCESO_DE_PAGO', 28),
('2025-04-09', 'PAGO_PENDIENTE', 29),
('2025-04-08', 'PAGO_EXITOSO', 30),
('2025-04-07', 'VACIO', 31),
('2025-04-06', 'CON_PRODUCTOS', 32),
('2025-04-05', 'EN_PROCESO_DE_PAGO', 33),
('2025-04-04', 'PAGO_PENDIENTE', 34),
('2025-04-03', 'PAGO_EXITOSO', 35),
('2025-04-02', 'VACIO', 36),
('2025-04-01', 'CON_PRODUCTOS', 37),
('2025-03-31', 'EN_PROCESO_DE_PAGO', 38),
('2025-03-30', 'PAGO_PENDIENTE', 39),
('2025-03-29', 'PAGO_EXITOSO', 40),
('2025-03-28', 'VACIO', 41),
('2025-03-27', 'CON_PRODUCTOS', 42),
('2025-03-26', 'EN_PROCESO_DE_PAGO', 43),
('2025-03-25', 'PAGO_PENDIENTE', 44),
('2025-03-24', 'PAGO_EXITOSO', 45),
('2025-03-23', 'VACIO', 46),
('2025-03-22', 'CON_PRODUCTOS', 47),
('2025-03-21', 'EN_PROCESO_DE_PAGO', 48),
('2025-03-20', 'PAGO_PENDIENTE', 49),
('2025-03-19', 'PAGO_EXITOSO', 50);

-- 7.ITEM CARRITO:

INSERT INTO ItemCarrito (cantidad, precioUnitario, idCarritoCompra, idProducto)
VALUES 
(2, 21.900, 1, 1), 
(1, 13.900, 1, 2),
(3, 10.900, 2, 3),
(2, 6.900, 2, 4),
(1, 21.900, 3, 5),
(4, 15.500, 3, 6),
(2, 5.200, 4, 7),
(1, 3.800, 4, 8),
(3, 29.900, 5, 9),
(2, 22.700, 5, 10),
(5, 18.400, 6, 11),
(4, 4.500, 6, 12),
(1, 2.200, 7, 13),
(2, 16.500, 7, 14),
(3, 34.600, 8, 15),
(1, 15.700, 8, 16),
(2, 8.900, 9, 17),
(3, 19.800, 9, 18),
(4, 6.300, 10, 19),
(2, 25.800, 10, 20),
(5, 12.000, 11, 21),
(3, 3.100, 11, 22),
(2, 16.500, 12, 23),
(1, 28.000, 12, 24),
(3, 7.800, 13, 25),
(4, 5.500, 13, 26),
(2, 22.300, 14, 27),
(1, 28.000, 14, 28),
(3, 16.800, 15, 29),
(2, 2.100, 15, 30),
(5, 120.000, 16, 31),
(1, 19.400, 16, 32),
(4, 3.300, 17, 33),
(2, 4.100, 17, 34),
(3, 27.400, 18, 35),
(1, 33.000, 18, 36),
(2, 32.500, 19, 37),
(4, 1.200, 19, 38),
(1, 69.900, 20, 39),
(2, 18.900, 20, 40),
(3, 7.800, 21, 41),
(4, 5.500, 21, 42),
(5, 22.300, 22, 43),
(3, 28.000, 22, 44),
(2, 16.800, 23, 45),
(4, 2.100, 23, 46),
(1, 120.000, 24, 47),
(2, 19.400, 24, 48),
(3, 3.300, 25, 49),
(4, 4.100, 25, 50);

-- 8. FACTURA:

INSERT INTO Factura (fechaCompra, totalCompra, metodoPago, iva, idEmpleado, idCliente, idCarritoCompra)
VALUES 
('2025-05-07', 43.800, 'TARJETA_CREDITO', 7.60, 1, 1, 1),
('2025-05-06', 29.400, 'EFECTIVO', 5.30, 2, 2, 2),
('2025-05-05', 56.700, 'TARJETA_DEBITO', 9.80, 3, 3, 3),
('2025-05-04', 79.500, 'TARJETA_CREDITO', 13.80, 4, 4, 4),
('2025-05-03', 65.300, 'EFECTIVO', 11.10, 5, 5, 5),
('2025-05-02', 34.900, 'TARJETA_DEBITO', 6.10, 6, 6, 6),
('2025-05-01', 52.100, 'TARJETA_CREDITO', 8.90, 7, 7, 7),
('2025-04-30', 88.000, 'EFECTIVO', 14.80, 8, 8, 8),
('2025-04-29', 92.200, 'TARJETA_CREDITO', 15.60, 9, 9, 9),
('2025-04-28', 45.500, 'TARJETA_DEBITO', 7.70, 10, 10, 10),
('2025-04-27', 33.900, 'EFECTIVO', 6.00, 11, 11, 11),
('2025-04-26', 60.300, 'TARJETA_CREDITO', 10.40, 12, 12, 12),
('2025-04-25', 47.500, 'TARJETA_DEBITO', 8.10, 13, 13, 13),
('2025-04-24', 73.900, 'EFECTIVO', 12.60, 14, 14, 14),
('2025-04-23', 41.700, 'TARJETA_CREDITO', 7.10, 15, 15, 15),
('2025-04-22', 55.800, 'TARJETA_DEBITO', 9.40, 16, 16, 16),
('2025-04-21', 36.200, 'EFECTIVO', 6.50, 17, 17, 17),
('2025-04-20', 64.600, 'TARJETA_CREDITO', 10.90, 18, 18, 18),
('2025-04-19', 70.700, 'EFECTIVO', 12.00, 19, 19, 19),
('2025-04-18', 52.900, 'TARJETA_DEBITO', 8.80, 20, 20, 20),
('2025-04-17', 39.600, 'TARJETA_CREDITO', 7.20, 21, 21, 21),
('2025-04-16', 55.100, 'EFECTIVO', 9.60, 22, 22, 22),
('2025-04-15', 77.300, 'TARJETA_DEBITO', 13.40, 23, 23, 23),
('2025-04-14', 50.800, 'TARJETA_CREDITO', 8.70, 24, 24, 24),
('2025-04-13', 32.400, 'EFECTIVO', 5.70, 25, 25, 25),
('2025-04-12', 49.500, 'TARJETA_DEBITO', 8.40, 26, 26, 26),
('2025-04-11', 61.800, 'EFECTIVO', 10.70, 27, 27, 27),
('2025-04-10', 73.000, 'TARJETA_CREDITO', 12.60, 28, 28, 28),
('2025-04-09', 40.600, 'TARJETA_DEBITO', 7.00, 29, 29, 29),
('2025-04-08', 60.200, 'EFECTIVO', 10.30, 30, 30, 30),
('2025-04-07', 42.500, 'TARJETA_CREDITO', 7.50, 31, 31, 31),
('2025-04-06', 58.100, 'TARJETA_DEBITO', 9.90, 32, 32, 32),
('2025-04-05', 68.700, 'EFECTIVO', 11.80, 33, 33, 33),
('2025-04-04', 55.600, 'TARJETA_CREDITO', 9.50, 34, 34, 34),
('2025-04-03', 46.800, 'TARJETA_DEBITO', 8.00, 35, 35, 35),
('2025-04-02', 39.000, 'EFECTIVO', 6.80, 36, 36, 36),
('2025-04-01', 53.200, 'TARJETA_CREDITO', 9.20, 37, 37, 37),
('2025-03-31', 79.100, 'TARJETA_DEBITO', 13.40, 38, 38, 38),
('2025-03-30', 50.700, 'EFECTIVO', 8.70, 39, 39, 39),
('2025-03-29', 65.500, 'TARJETA_CREDITO', 11.20, 40, 40, 40),
('2025-03-28', 48.300, 'TARJETA_DEBITO', 8.30, 41, 41, 41),
('2025-03-27', 74.900, 'EFECTIVO', 12.90, 42, 42, 42),
('2025-03-26', 52.200, 'TARJETA_CREDITO', 9.40, 43, 43, 43),
('2025-03-25', 64.900, 'TARJETA_DEBITO', 10.80, 44, 44, 44),
('2025-03-24', 61.500, 'EFECTIVO', 10.60, 45, 45, 45),
('2025-03-23', 40.300, 'TARJETA_CREDITO', 7.00, 46, 46, 46),
('2025-03-22', 50.900, 'TARJETA_DEBITO', 8.90, 47, 47, 47),
('2025-03-21', 72.600, 'EFECTIVO', 12.40, 48, 48, 48),
('2025-03-20', 58.400, 'TARJETA_CREDITO', 9.90, 49, 49, 49),
('2025-03-19', 49.800, 'TARJETA_DEBITO', 8.60, 50, 50, 50);

